USE SistemaDoacao;

INSERT INTO TiposSanguineos (nomeTipoSang, totalDisponivel) VALUES
('A+', 100),
('A-', 50),
('B+', 100),
('B-', 50),
('AB+', 100),
('AB-', 50),
('O+', 100),
('O-', 50);

INSERT INTO Funcionarios (cpf, email, nome, profissao) VALUES
('12345678901', 'funcionario1@example.com', 'João Silva', 'Enfermeiro'),
('10987654321', 'funcionario2@example.com', 'Maria Oliveira', 'Médico'),
('11223344556', 'funcionario3@example.com', 'Pedro Almeida', 'Técnico de Enfermagem'),
('22334455667', 'funcionario4@example.com', 'Fernanda Lima', 'Farmacêutica'),
('33445566778', 'funcionario5@example.com', 'Lucas Pereira', 'Enfermeiro'),
('44556677889', 'funcionario6@example.com', 'Juliana Costa', 'Médica'),
('55667788990', 'funcionario7@example.com', 'André Santos', 'Técnico de Enfermagem'),
('66778899001', 'funcionario8@example.com', 'Mariana Ferreira', 'Enfermeira'),
('77889900112', 'funcionario9@example.com', 'Gabriel Ribeiro', 'Médico'),
('88990011223', 'funcionario10@example.com', 'Bianca Nunes', 'Farmacêutica'),
('99001122334', 'funcionario11@example.com', 'Thiago Martins', 'Enfermeiro'),
('10012223345', 'funcionario12@example.com', 'Roberta Almeida', 'Técnica de Enfermagem'),
('21023334456', 'funcionario13@example.com', 'Fernando Lopes', 'Médico'),
('32034445567', 'funcionario14@example.com', 'Renata Souza', 'Enfermeira'),
('43045556678', 'funcionario15@example.com', 'Rafael Martins', 'Técnico de Enfermagem'),
('54056667789', 'funcionario16@example.com', 'Aline Vieira', 'Farmacêutica'),
('65067778890', 'funcionario17@example.com', 'Vinícius Costa', 'Enfermeiro'),
('76078889901', 'funcionario18@example.com', 'Tatiane Silva', 'Médica'),
('87089990012', 'funcionario19@example.com', 'Eduardo Pires', 'Técnico de Enfermagem'),
('98090001123', 'funcionario20@example.com', 'Patrícia Lima', 'Enfermeira');

INSERT INTO Doadores (nome, sobrenome, cpf, telefone, codTipoSanguineo, endereco) VALUES
('Carlos', 'Santos', '98765432100', '123456789', 1, 'Rua A, 123'),
('Ana', 'Costa', '12345678900', '987654321', 2, 'Rua B, 456'),
('Júlia', 'Souza', '23456789001', '234567890', 3, 'Rua C, 789'),
('Rafael', 'Mendes', '34567890112', '345678901', 4, 'Rua D, 101'),
('Mariana', 'Lopes', '45678901223', '456789012', 5, 'Rua E, 202'),
('Gabriel', 'Fernandes', '56789012334', '567890123', 6, 'Rua F, 303'),
('Fernanda', 'Ribeiro', '67890123445', '678901234', 7, 'Rua G, 404'),
('Diego', 'Martins', '78901234556', '789012345', 8, 'Rua H, 505'),
('Roberta', 'Nunes', '89012345667', '890123456', 1, 'Rua I, 606'),
('Sérgio', 'Silva', '90123456778', '901234567', 2, 'Rua J, 707'),
('Lucas', 'Almeida', '12345678901', '234567891', 3, 'Rua K, 808'),
('Marcio', 'Pereira', '23456789012', '345678902', 4, 'Rua L, 909'),
('Larissa', 'Freitas', '34567890123', '456789013', 5, 'Rua M, 1010'),
('Felipe', 'Barros', '45678901234', '567890124', 6, 'Rua N, 1111'),
('Tânia', 'Mota', '56789012345', '678901235', 7, 'Rua O, 1212'),
('Bruno', 'Cavalcanti', '67890123456', '789012346', 8, 'Rua P, 1313'),
('Tatiane', 'Cruz', '78901234567', '890123457', 1, 'Rua Q, 1414'),
('Ricardo', 'Martins', '89012345678', '901234568', 2, 'Rua R, 1515'),
('Cláudia', 'Vilela', '90123456789', '012345679', 3, 'Rua S, 1616'),
('Natália', 'Moreira', '01234567890', '123456780', 4, 'Rua T, 1717'),
('João', 'Carlos', '12345678902', '234567891', 5, 'Rua U, 1818'),
('Mariana', 'Silveira', '23456789013', '345678902', 6, 'Rua V, 1919'),
('Diego', 'Alves', '34567890124', '456789013', 7, 'Rua W, 2020'),
('Fernanda', 'Duarte', '45678901235', '567890124', 8, 'Rua X, 2121'),
('Sofia', 'Azevedo', '56789012346', '678901235', 1, 'Rua Y, 2222'),
('Leonardo', 'Santos', '67890123457', '789012346', 2, 'Rua Z, 2323'),
('Carmen', 'Oliveira', '78901234568', '890123457', 3, 'Rua AA, 2424'),
('Juliano', 'Mendes', '89012345679', '901234568', 4, 'Rua AB, 2525'),
('Larissa', 'Teixeira', '90123456780', '012345679', 5, 'Rua AC, 2626'),
('Gustavo', 'Ribeiro', '01234567891', '123456780', 6, 'Rua AD, 2727'),
('Rafaela', 'Soares', '12345678903', '234567891', 7, 'Rua AE, 2828'),
('Igor', 'Silva', '23456789014', '345678902', 8, 'Rua AF, 2929'),
('Luana', 'Cruz', '34567890125', '456789013', 1, 'Rua AG, 3030'),
('Pedro', 'Freitas', '45678901236', '567890124', 2, 'Rua AH, 3131');

INSERT INTO CentrosDoacao (nomeLocal, endereco) VALUES
('Centro A', 'Rua Principal, 100'),
('Centro B', 'Rua Secundária, 200');

INSERT INTO Doacoes (codDoador, codFuncionario, codCentroDoacao, data, mlSangue) VALUES
(1, 1, 1, '2024-01-01', 500),
(2, 2, 2, '2024-01-02', 450),
(3, 3, 1, '2024-01-03', 300),
(4, 4, 1, '2024-01-04', 450),
(5, 5, 2, '2024-01-05', 400),
(6, 6, 1, '2024-01-06', 350),
(7, 7, 2, '2024-01-07', 300),
(8, 8, 1, '2024-01-08', 600),
(9, 9, 1, '2024-01-09', 550),
(10, 10, 2, '2024-01-10', 480),
(11, 11, 1, '2024-01-11', 320),
(12, 12, 2, '2024-01-12', 370),
(13, 13, 1, '2024-01-13', 440),
(14, 14, 2, '2024-01-14', 490),
(15, 15, 1, '2024-01-15', 310),
(16, 16, 2, '2024-01-16', 430),
(17, 17, 1, '2024-01-17', 290),
(18, 18, 2, '2024-01-18', 550),
(19, 19, 1, '2024-01-19', 470),
(20, 20, 2, '2024-01-20', 400),
(21, 1, 1, '2024-01-21', 520),
(22, 2, 2, '2024-01-22', 310),
(23, 3, 1, '2024-01-23', 430),
(24, 4, 2, '2024-01-24', 270),
(25, 5, 1, '2024-01-25', 390),
(26, 6, 2, '2024-01-26', 460),
(27, 7, 1, '2024-01-27', 530),
(28, 8, 2, '2024-01-28', 330),
(29, 9, 1, '2024-01-29', 480),
(30, 10, 2, '2024-01-30', 310),
(31, 11, 1, '2024-01-31', 360),
(32, 12, 2, '2024-02-01', 490),
(33, 13, 1, '2024-02-02', 520),
(1, 14, 2, '2024-02-03', 370),
(2, 15, 1, '2024-02-04', 460),
(3, 16, 2, '2024-02-05', 390),
(4, 17, 1, '2024-02-06', 420),
(5, 18, 2, '2024-02-07', 550),
(3, 19, 1, '2024-02-08', 480),
(6, 20, 2, '2024-02-09', 360);

INSERT INTO RetiradasSangue (codTipoSanguineo, mlSangue) VALUES
(1, 500),
(2, 450),
(3, 300),
(4, 600),
(5, 350),
(6, 400),
(7, 450),
(8, 500);
